i,wt,fitness_eve,dissimilarity_charge_hydro,accessibility_wcn,evescape
1,M,-13.482826605263156,-0.6110760473684211,,-2.6316328578947368
2,M,-13.593351684210527,-0.6110760473684211,,-2.684561557894737
3,K,-13.436863894736842,1.6111617684210529,,-2.3141405052631576
4,V,-12.99329252631579,-0.304665847368421,,-2.3634485578947366
5,I,-13.229138684210525,0.013380184210526365,,-2.425051431578947
6,W,-13.258011789473684,-0.5044142684210526,,-2.505611915789474
7,F,-13.176108894736842,-0.196064752631579,,-2.4252951631578945
8,S,-12.79798,-0.669255205263158,,-2.3609364999999998
9,S,-13.371704078947369,-0.669255205263158,,-2.5886213
10,L,-13.711862526315791,-0.3182409789473684,,-2.714414663157895
11,I,-12.381688131578947,0.013380184210526365,,-2.078916121052632
12,C,-12.590878105263158,-0.7177378263157895,,-2.278566305263158
13,L,-10.959826015789474,-0.3182409789473684,,-1.807075315789474
14,V,-13.456645789473683,-0.304665847368421,,-2.5735593789473685
15,I,-13.307257342105265,0.013380184210526365,,-2.4753599947368423
16,Q,-13.217670736842104,-0.33957332631578946,,-2.4395391052631576
17,C,-13.417615263157893,-0.7177378263157895,,-2.642903942105263
18,G,-5.658170984210526,-0.6711945052631579,,-1.5193761210526315
19,G,-12.854678526315789,-0.6711945052631579,,-2.3713221473684207
20,D,-12.136294789473684,1.2102503,,-1.8917143789473683
21,T,-10.051745015789473,-0.7002840789473684,-0.9896124,-1.6094461368421051
22,G,-11.168829605263157,-0.6711945052631579,-1.267874,-2.3011633894736843
23,P,-12.979607894736843,-0.7216164368421053,-1.0653739,-2.424475257894737
24,I,-12.789004684210525,0.013380184210526365,-1.3299229,-2.779164363157895
25,I,-13.209691105263158,0.013380184210526365,-1.2336655,-2.782595394736842
26,C,-13.346891631578947,-0.7177378263157895,-1.0683343,-2.579379852631579
27,A,-12.041728731578948,-0.6188332684210526,-0.9079814,-1.8717474578947368
28,G,-13.407361421052633,-0.6711945052631579,-1.1222559,-2.721041873684211
29,P,-13.407650631578948,-0.7216164368421053,-1.1399487,-2.7534365157894736
30,I,-12.543129289473685,0.013380184210526365,-0.7547552,-1.7799193789473684
31,H,-13.113082105263159,0.7326565631578947,-1.0187668,-2.184424710526316
32,S,-13.028159736842104,-0.669255205263158,-0.6432494,-1.9626421210526317
33,N,-13.65901905263158,-0.3977524894736842,-0.7086857,-2.2290765684210525
34,K,-13.100778736842106,1.6111617684210529,-0.6401661,-1.6990345736842105
35,S,-12.817228578947368,-0.669255205263158,-0.7856953,-1.9796689842105262
36,A,-13.16230852631579,-0.6188332684210526,-0.8952131,-2.2870073
37,D,-8.596647631578948,1.2102503,-0.7462724,-0.9381238263157894
38,I,-13.389571421052631,0.013380184210526365,-1.0426102,-2.4834147210526316
39,P,-13.349667263157894,-0.7216164368421053,-0.79335,-2.2266962
40,H,-13.735473684210525,0.7326565631578947,-0.8136727,-2.2397982105263154
41,L,-13.64715257894737,-0.3182409789473684,-0.9530754999999999,-2.4971199842105265
42,L,-13.407560657894736,-0.3182409789473684,-0.7478954,-2.193770789473684
43,G,-13.012104236842106,-0.6711945052631579,-1.007098,-2.358989457894737
44,Y,-13.149593868421054,-0.7216164368421053,-1.1376449,-2.6504403
45,S,-13.993228289473683,-0.669255205263158,-1.1573269,-3.0843710631578944
46,E,-12.905479052631579,1.0919526894736842,-1.0456542,-2.103563631578947
47,K,-12.993639605263159,1.6111617684210529,-1.0785365,-2.1257594631578947
48,I,-12.985518631578946,0.013380184210526365,-1.3129576,-2.8171195736842107
49,C,-13.313682105263158,-0.7177378263157895,-1.201118,-2.820971957894737
50,Q,-13.187384368421053,-0.33957332631578946,-1.1726347,-2.653083531578947
51,I,-13.268940315789473,0.013380184210526365,-1.3519509,-3.061789652631579
52,D,-13.517558815789474,1.2102503,-1.3209902,-2.9124288789473685
53,R,-13.32095494736842,2.8329239736842107,-1.0759923,-2.156984752631579
54,L,-13.599712157894736,-0.3182409789473684,-1.3720156,-3.3241343842105264
55,I,-13.42323705263158,0.013380184210526365,-1.2107185,-2.8038032789473686
56,H,-13.248573684210527,0.7326565631578947,-1.4043369,-3.0405227368421053
57,V,-13.392970078947368,-0.304665847368421,-1.3979443,-3.2686096263157896
58,S,-13.43622142105263,-0.669255205263158,-1.2346864,-2.952402163157895
59,S,-13.581703657894737,-0.669255205263158,-1.0936389,-2.7448590421052628
60,W,-12.772557368421053,-0.5044142684210526,-1.1848587,-2.5397949315789474
61,L,-13.053749421052633,-0.3182409789473684,-1.2044672,-2.6703539736842106
62,R,-13.168334947368422,2.8329239736842107,-0.9719146,-1.9189502105263159
63,N,-13.389976105263159,-0.3977524894736842,-0.8358026,-2.227107105263158
64,H,-13.180856894736843,0.7326565631578947,-0.893632,-2.0411879157894735
65,S,-12.998117605263158,-0.669255205263158,-1.0255864,-2.3535127947368424
66,Q,-13.678717342105262,-0.33957332631578946,-0.7208005,-2.2694425000000003
67,F,-13.189369657894737,-0.196064752631579,-1.0748202,-2.4546202157894736
68,Q,-13.980950552631578,-0.33957332631578946,-0.8073744,-2.4799583999999997
69,G,-13.00073894736842,-0.6711945052631579,-1.0369933,-2.412284336842105
70,Y,-13.036980868421054,-0.7216164368421053,-1.10482,-2.513735384210526
71,V,-13.236360210526316,-0.304665847368421,-1.3172484,-3.034659952631579
72,G,-13.032310131578948,-0.6711945052631579,-1.2915724,-2.9016556105263156
73,Q,-13.226800236842104,-0.33957332631578946,-0.9609904999999999,-2.3146665157894737
74,R,-13.985974763157895,2.8329239736842107,-0.7582962,-2.099233878947368
75,G,-13.42993802631579,-0.6711945052631579,-1.1698374,-2.822018452631579
76,G,-12.989129368421052,-0.6711945052631579,-1.2700646,-2.8493355
77,R,-13.01045307894737,2.8329239736842107,-1.3749076,-2.6382238263157896
78,S,-13.280768157894737,-0.669255205263158,-1.1909109,-2.7750773842105265
79,Q,-13.64365747368421,-0.33957332631578946,-1.0743044,-2.7106985842105265
80,V,-13.219700789473684,-0.304665847368421,-1.3415418,-3.0415415789473683
81,S,-13.346094973684211,-0.669255205263158,-1.106798,-2.687249
82,Y,-13.442196657894737,-0.7216164368421053,-1.3197278,-3.1749280947368423
83,Y,-11.555651210526316,-0.7216164368421053,-1.2925002,-2.4139683315789475
84,P,-13.14719752631579,-0.7216164368421053,-1.3815517,-3.156071157894737
85,A,-11.825709357894736,-0.6188332684210526,-1.0176877,-1.9691444263157896
86,E,-13.44007644736842,1.0919526894736842,-0.9551155000000001,-2.198953636842105
87,N,-13.520681236842105,-0.3977524894736842,-1.3903996,-3.2927654368421053
88,S,-13.22183402631579,-0.669255205263158,-1.404218,-3.2282262105263158
89,Y,-12.062107957894737,-0.7216164368421053,-1.514252,-3.145506684210526
90,S,-13.26370405263158,-0.669255205263158,-1.2967591,-2.9907695842105264
91,R,-13.203311263157895,2.8329239736842107,-1.1050077,-2.1440886368421053
92,W,-13.59148855263158,-0.5044142684210526,-1.3831368,-3.3454939578947367
93,S,-13.564568789473684,-0.669255205263158,-1.2997887,-3.141150652631579
94,G,-13.388183605263157,-0.6711945052631579,-1.4100852,-3.346182347368421
95,L,-13.455322263157894,-0.3182409789473684,-1.4618652,-3.456408815789474
96,L,-13.43190402631579,-0.3182409789473684,-1.3736562,-3.2286977
97,S,-13.19659747368421,-0.669255205263158,-1.539968,-3.576972331578947
98,P,-13.32885744736842,-0.7216164368421053,-1.543987,-3.6777033052631576
99,C,-13.695505236842106,-0.7177378263157895,-1.4508082,-3.5914045315789473
100,D,-13.314138342105263,1.2102503,-1.489542,-3.2157175736842105
101,A,-13.561761157894736,-0.6188332684210526,-1.4052341,-3.4206803578947373
102,D,-13.20029797368421,1.2102503,-1.2048497,-2.5088785368421056
103,W,-13.127389921052632,-0.5044142684210526,-1.1670217,-2.6978423
104,L,-13.432597868421052,-0.3182409789473684,-1.2106867,-2.8515591894736843
105,G,-13.424014421052632,-0.6711945052631579,-0.9825653000000001,-2.502820857894737
106,M,-13.431300157894738,-0.6110760473684211,-1.2942385,-3.0652512947368424
107,L,-13.60454352631579,-0.3182409789473684,-1.1745894,-2.8711495157894737
108,V,-13.134290157894737,-0.304665847368421,-0.9436854,-2.2909181105263157
109,V,-12.518233394736841,-0.304665847368421,-1.2541052,-2.5487993210526314
110,K,-12.351099921052631,1.6111617684210529,-0.9733493,-1.7091002842105265
111,K,-12.263350631578946,1.6111617684210529,-0.8862804000000001,-1.5710957736842104
112,A,-13.164557105263158,-0.6188332684210526,-1.0400978,-2.473125515789474
113,K,-12.165643000000001,1.6111617684210529,-0.8530972999999998,-1.5082084526315789
114,G,-10.352783168421054,-0.6711945052631579,-0.8606251,-1.467206505263158
115,S,-12.278146868421052,-0.669255205263158,-0.9083010000000001,-1.9422282263157895
116,D,-12.82960255263158,1.2102503,-1.1671155,-2.271469352631579
117,M,-12.017391868421052,-0.6110760473684211,-1.0710761,-2.084821710526316
118,I,-12.444175368421053,0.013380184210526365,-1.1828176,-2.3205166105263157
119,V,-12.158787684210527,-0.304665847368421,-1.3132304,-2.5765869736842104
120,P,-11.889564947368422,-0.7216164368421053,-1.0731945,-2.048148289473684
121,G,-12.094456842105263,-0.6711945052631579,-1.229394,-2.395888778947368
122,P,-12.161884578947369,-0.7216164368421053,-1.2329305,-2.428212242105263
123,S,-12.12072107894737,-0.669255205263158,-0.9282628000000002,-1.8983110736842106
124,Y,-12.73505602631579,-0.7216164368421053,-1.2152741,-2.6203742263157896
125,K,-11.524979368421052,1.6111617684210529,-0.8296184,-1.2935529421052632
126,G,-12.19770255263158,-0.6711945052631579,-1.0449687,-2.1071859105263155
127,K,-12.444393789473684,1.6111617684210529,-1.1703907,-2.0665932315789473
128,V,-12.345336842105263,-0.304665847368421,-1.2087813,-2.3997076631578946
129,F,-12.60541742105263,-0.196064752631579,-1.3557532,-2.828526389473684
130,F,-12.191316289473685,-0.196064752631579,-1.3132643,-2.5510566789473685
131,E,-12.229787657894736,1.0919526894736842,-1.4552824,-2.7556757105263157
132,R,-12.177425894736842,2.8329239736842107,-1.3827213,-2.3444877368421055
133,P,-12.856053473684211,-0.7216164368421053,-1.525508,-3.4264391157894734
134,T,-12.420493736842106,-0.7002840789473684,-1.3357173,-2.752781305263158
135,F,-12.054449710526317,-0.196064752631579,-1.3303408,-2.5638313263157895
136,D,-12.527607210526316,1.2102503,-1.0614566,-1.9497221736842105
137,G,-12.454981842105264,-0.6711945052631579,-1.3034345,-2.6848214842105262
138,Y,-12.732120078947368,-0.7216164368421053,-1.4683792,-3.2260891210526315
139,V,-11.503328,-0.304665847368421,-1.2933891,-2.3450729315789474
140,G,-12.4138955,-0.6711945052631579,-1.3085231,-2.6899627263157897
141,W,-12.371659263157895,-0.5044142684210526,-1.1973412,-2.401359205263158
142,G,-12.074668578947367,-0.6711945052631579,-1.2015477,-2.332403894736842
143,C,-12.258731210526316,-0.7177378263157895,-1.1885693,-2.365372994736842
144,G,-12.525724684210525,-0.6711945052631579,-0.8913493,-1.9990263842105263
145,S,-12.589432421052631,-0.669255205263158,-0.8930273,-1.9989448684210525
146,G,-12.456465789473684,-0.6711945052631579,-0.9156934,-1.9931243210526317
147,K,-12.330694947368421,1.6111617684210529,-0.8662297,-1.5797401894736842
148,S,-12.688746342105263,-0.669255205263158,-1.0317209,-2.2477985421052633
149,R,-12.676006,2.8329239736842107,-1.1841526,-2.0901774210526316
150,T,-12.193931315789474,-0.7002840789473684,-0.9410871,-1.9441261578947369
151,E,-12.785021263157894,1.0919526894736842,-0.7467427,-1.6831145052631578
152,S,-12.06010355263158,-0.669255205263158,-0.919582,-1.8740149052631578
153,G,-12.711213657894737,-0.6711945052631579,-1.0911467,-2.361342815789474
154,E,-12.492765815789474,1.0919526894736842,-0.8840514,-1.7118464105263158
155,L,-11.985544236842106,-0.3182409789473684,-0.7643826,-1.623381247368421
156,C,-12.345600263157895,-0.7177378263157895,-1.0805526,-2.2111959578947364
157,S,-12.209890289473684,-0.669255205263158,-0.8021636,-1.7630430105263157
158,S,-12.036935894736843,-0.669255205263158,-0.7171236,-1.6381076368421053
159,D,-12.43570744736842,1.2102503,-0.8314914,-1.6185458789473686
160,S,-12.957044131578948,-0.669255205263158,-0.6440402,-1.9440663789473684
161,G,-12.260787105263157,-0.6711945052631579,-0.8146141,-1.816482447368421
162,T,-12.294857631578948,-0.7002840789473684,-1.0196391,-2.0926321736842106
163,S,-12.00942505263158,-0.669255205263158,-0.755618,-1.6629992105263158
164,S,-12.21026294736842,-0.669255205263158,-0.7195951,-1.7200493315789471
165,G,-11.9962865,-0.6711945052631579,-0.873947,-1.8034245842105265
166,L,-12.64702405263158,-0.3182409789473684,-0.8757444,-1.9581913105263158
167,L,-12.614309210526315,-0.3182409789473684,-1.1349079,-2.3691007
168,P,-12.509829894736843,-0.7216164368421053,-1.0387943,-2.177435752631579
169,S,-12.327129210526316,-0.669255205263158,-1.2936303,-2.6100419
170,D,-12.231303947368422,1.2102503,-1.0246009,-1.8030927
171,R,-12.050704131578948,2.8329239736842107,-1.0934513,-1.7084796736842105
172,V,-12.059910868421053,-0.304665847368421,-1.3700226,-2.6615948210526317
173,L,-12.31842357894737,-0.3182409789473684,-1.3114108,-2.6164947
174,W,-12.176635736842105,-0.5044142684210526,-1.457282,-2.926982405263158
175,I,-12.317170789473684,0.013380184210526365,-1.4165353,-2.828364
176,G,-12.084761789473685,-0.6711945052631579,-1.5358734,-3.173291163157895
177,D,-11.867296631578947,1.2102503,-1.55143,-2.849925563157895
178,V,-12.46955952631579,-0.304665847368421,-1.585166,-3.3744011210526317
179,A,-11.814048394736842,-0.6188332684210526,-1.5178746,-3.0290294263157893
180,C,-12.400281236842105,-0.7177378263157895,-1.5673747,-3.3711678000000003
181,Q,-12.605809263157894,-0.33957332631578946,-1.3700372,-2.8277938736842105
182,P,-12.531172868421052,-0.7216164368421053,-1.1313783,-2.3598882157894736
183,M,-12.81475494736842,-0.6110760473684211,-1.1832517,-2.546149642105263
184,T,-12.067035763157895,-0.7002840789473684,-0.9503225,-1.8847962842105261
185,P,-12.628636394736843,-0.7216164368421053,-0.8734225,-1.986612042105263
186,I,-12.07517605263158,0.013380184210526365,-1.0674578,-1.999966047368421
187,P,-12.442119447368421,-0.7216164368421053,-0.7767565,-1.8543765263157894
188,E,-12.380518842105264,1.0919526894736842,-0.81174,-1.599527436842105
189,E,-12.16582294736842,1.0919526894736842,-0.7061607,-1.4467830263157895
190,T,-11.986276736842106,-0.7002840789473684,-0.9656474,-1.9006167684210529
191,F,-12.458271210526316,-0.196064752631579,-1.1414597,-2.2694842263157895
192,L,-12.575568078947368,-0.3182409789473684,-0.8805492,-1.9508055684210526
193,E,-12.401309342105263,1.0919526894736842,-0.8396419,-1.625987794736842
194,L,-12.650461315789475,-0.3182409789473684,-1.200241,-2.4983360631578946
195,K,-12.049489894736842,1.6111617684210529,-1.055065,-1.7265880578947368
196,S,-12.1619745,-0.669255205263158,-0.9585072,-1.9603156684210525
197,F,-12.243009894736842,-0.196064752631579,-1.0847572,-2.101081489473684
198,S,-12.413914736842106,-0.669255205263158,-1.2867046,-2.626470894736842
199,Q,-11.86082052631579,-0.33957332631578946,-1.0339369,-1.8971229
200,S,-12.048307631578947,-0.669255205263158,-1.0489891,-2.0304264736842104
201,E,-12.490549131578948,1.0919526894736842,-1.2900352,-2.4153240263157896
202,F,-12.324931894736842,-0.196064752631579,-1.343927,-2.685968115789474
203,P,-12.402208763157894,-0.7216164368421053,-1.1139437,-2.2875250789473687
204,D,-12.199520657894736,1.2102503,-1.162416,-2.0167255210526314
205,I,-11.413471447368421,0.013380184210526365,-1.310372,-2.3351092052631577
206,C,-12.359946789473684,-0.7177378263157895,-1.203344,-2.436524357894737
207,K,-12.100707947368422,1.6111617684210529,-1.0197543,-1.7138407999999998
208,I,-12.516530894736842,0.013380184210526365,-1.3436065,-2.7181754210526314
209,D,-12.201711684210528,1.2102503,-1.2127497,-2.141444652631579
210,G,-12.156834605263159,-0.6711945052631579,-1.0191901,-2.0373232105263157
211,I,-11.187268636842106,0.013380184210526365,-1.095854,-1.8558931421052633
212,V,-12.400911131578948,-0.304665847368421,-0.8952869,-1.8919360947368422
213,F,-12.093165342105262,-0.196064752631579,-1.2139196,-2.290957821052632
214,N,-12.308426657894737,-0.3977524894736842,-1.063059,-2.1125904157894735
215,Q,-12.158845605263158,-0.33957332631578946,-0.7475107,-1.6631456631578947
216,C,-12.451409578947368,-0.7177378263157895,-1.1287992,-2.329801447368421
217,E,-11.970529684210527,1.0919526894736842,-0.7388362,-1.3915688210526316
218,G,-8.965203489473685,-0.6711945052631579,-0.8728481000000001,-1.3434446842105263
219,E,-12.52531344736842,1.0919526894736842,-0.8775243000000001,-1.720140894736842
220,S,-12.598048052631578,-0.669255205263158,-0.982552,-2.1181539315789473
221,L,-12.714490342105263,-0.3182409789473684,-0.8118538,-1.9168865684210525
222,P,-12.650191447368421,-0.7216164368421053,-1.0388287,-2.244985647368421
223,Q,-12.461971894736843,-0.33957332631578946,-1.0616642,-2.156170505263158
224,P,-12.572888894736842,-0.7216164368421053,-1.1369048,-2.3960939052631582
225,F,-12.401842578947369,-0.196064752631579,-1.3879427,-2.8339654263157894
226,D,-11.974904842105262,1.2102503,-1.2988008,-2.2461802210526316
227,V,-12.363846736842104,-0.304665847368421,-1.4650212,-3.006708194736842
228,A,-12.647326052631579,-0.6188332684210526,-1.548003,-3.3888766368421055
229,W,-12.744204894736843,-0.5044142684210526,-1.5610004,-3.456496178947368
230,M,-12.442787526315788,-0.6110760473684211,-1.4579765,-3.0512883315789474
231,D,-12.592998263157895,1.2102503,-1.407294,-2.719478542105263
232,V,-12.799438578947369,-0.304665847368421,-1.2933844,-2.762557921052631
233,G,-12.173911657894736,-0.6711945052631579,-1.1712339,-2.315467215789474
234,H,-12.63520255263158,0.7326565631578947,-0.9942744,-1.9499486368421055
235,S,-11.991043894736842,-0.669255205263158,-1.0587055,-2.063652910526316
236,H,-12.63806144736842,0.7326565631578947,-1.1456771,-2.1866952157894737
237,K,-12.24568252631579,1.6111617684210529,-1.43013,-2.6376640894736845
238,I,-12.560765368421052,0.013380184210526365,-1.3450883,-2.7463384684210523
239,I,-12.179314894736843,0.013380184210526365,-1.418876,-2.7841065263157896
240,M,-12.740941184210525,-0.6110760473684211,-1.4716026,-3.1983727263157897
241,R,-12.134502210526316,2.8329239736842107,-1.4066066,-2.3847008
242,E,-12.381630236842106,1.0919526894736842,-1.3462478,-2.5173669842105264
243,H,-12.474872710526316,0.7326565631578947,-1.5098643,-2.9944118947368423
244,K,-12.351350368421052,1.6111617684210529,-1.3154981,-2.3453121631578946
245,T,-12.621055263157894,-0.7002840789473684,-1.4797549,-3.1886221999999997
246,K,-12.40668697368421,1.6111617684210529,-1.2540843,-2.2530459210526317
247,W,-12.895854684210526,-0.5044142684210526,-1.471189,-3.282696031578947
248,V,-12.31408047368421,-0.304665847368421,-1.2248762,-2.435763905263158
249,Q,-12.286344789473684,-0.33957332631578946,-1.2725479,-2.473029121052632
250,E,-12.477950157894737,1.0919526894736842,-1.1245972,-2.060587242105263
251,S,-12.68588092105263,-0.669255205263158,-1.1688931,-2.454482205263158
252,S,-12.748901368421054,-0.669255205263158,-0.9419044,-2.132270547368421
253,S,-12.50567947368421,-0.669255205263158,-0.8787121,-1.9550516736842105
254,K,-12.35526305263158,1.6111617684210529,-1.0230646,-1.804938905263158
255,D,-12.587518000000001,1.2102503,-1.2471488,-2.3334700736842104
256,F,-13.121138578947368,-0.196064752631579,-1.1599192,-2.6027970842105264
257,V,-12.843332342105263,-0.304665847368421,-1.2662356,-2.69552132631579
258,C,-12.776392921052631,-0.7177378263157895,-1.2690771,-2.747273289473684
259,Y,-12.314986368421053,-0.7216164368421053,-1.0220582,-2.128578505263158
260,K,-12.266575894736842,1.6111617684210529,-0.8640941,-1.5690650000000002
261,E,-12.091931842105263,1.0919526894736842,-0.7400918,-1.4333380263157895
262,G,-12.010678026315789,-0.6711945052631579,-0.7584788,-1.6782770999999999
263,T,-12.41217352631579,-0.7002840789473684,-0.7497767,-1.8115496263157895
264,G,-12.332969315789473,-0.6711945052631579,-0.9997459999999999,-2.051688584210526
265,P,-12.368922131578948,-0.7216164368421053,-1.1176578,-2.300391057894737
266,C,-12.77641847368421,-0.7177378263157895,-1.1320678,-2.450561284210526
267,S,-12.356361763157894,-0.669255205263158,-0.7740408,-1.8373688684210525
268,E,-12.409713,1.0919526894736842,-0.7985989,-1.5881067157894737
269,S,-12.864996736842105,-0.669255205263158,-0.6868486,-1.913216257894737
270,E,-12.681557052631579,1.0919526894736842,-0.9441512,-1.8640513736842106
271,E,-12.505094842105263,1.0919526894736842,-0.9856514,-1.854198715789474
272,K,-12.118125578947367,1.6111617684210529,-0.7261969,-1.3502156315789473
273,T,-11.023032815789474,-0.7002840789473684,-0.7498598,-1.4686908
274,C,-12.543290105263157,-0.7177378263157895,-0.9836841,-2.180454447368421
275,K,-13.231278157894737,1.6111617684210529,-0.8768783,-1.9471216631578947
276,T,-12.491769868421052,-0.7002840789473684,-0.6442982,-1.7520129315789472
277,S,-12.446224947368421,-0.669255205263158,-0.7193159,-1.7842847263157897
278,G,-12.865215078947369,-0.6711945052631579,-0.7375812,-1.9735405842105262
279,S,-12.386211210526316,-0.669255205263158,-0.6879066,-1.7408629210526319
280,C,-12.542165684210527,-0.7177378263157895,-0.9102486,-2.0395962947368425
281,R,-12.12226942105263,2.8329239736842107,-0.7456702,-1.2622930684210525
282,G,-13.072798842105263,-0.6711945052631579,-0.9489043000000001,-2.285763642105263
283,D,-12.722469894736841,1.2102503,-0.9494206000000001,-1.8734097789473683
284,M,-12.019537684210526,-0.6110760473684211,-0.7925024,-1.7166519
285,Q,-12.800247842105264,-0.33957332631578946,-1.0250661,-2.2222554999999997
286,F,-12.146889131578948,-0.196064752631579,-1.0870767,-2.076810378947368
287,C,-12.368472368421052,-0.7177378263157895,-0.905488,-1.9448464
288,K,-12.749222631578947,1.6111617684210529,-0.7341384,-1.6018600315789473
289,V,-12.693564894736841,-0.304665847368421,-0.9149287,-2.017029705263158
290,A,-12.587749263157894,-0.6188332684210526,-0.9933562,-2.1433930894736846
291,G,-12.537700473684211,-0.6711945052631579,-0.7816019,-1.8820754263157895
292,C,-12.824809947368422,-0.7177378263157895,-0.9098546,-2.1369811157894736
293,E,-12.088032078947368,1.0919526894736842,-0.6396418,-1.3656337578947368
294,H,-12.767854368421053,0.7326565631578947,-0.5454632,-1.5625639263157896
295,G,-12.422774421052631,-0.6711945052631579,-0.5235524,-1.667047147368421
296,E,-12.730815578947368,1.0919526894736842,-0.374031,-1.4529882368421054
297,E,-12.463494605263158,1.0919526894736842,-0.5807965,-1.457361352631579
298,A,-12.689722868421052,-0.6188332684210526,-0.4881743,-1.7446241684210526
299,S,-12.900583315789474,-0.669255205263158,-0.5136016,-1.8185682315789473
300,E,-11.408440789473685,1.0919526894736842,-0.5854811,-1.1825540789473685
301,A,-11.97126852631579,-0.6188332684210526,-0.8031284,-1.721959252631579
302,K,-12.591083736842105,1.6111617684210529,-0.7700762,-1.5647434
303,C,-12.315950078947369,-0.7177378263157895,-1.1454385,-2.316624294736842
304,R,-12.653037684210526,2.8329239736842107,-0.8391144,-1.5261898947368422
305,C,-12.810245,-0.7177378263157895,-1.2258078,-2.6545238105263156
306,S,-12.163709157894736,-0.669255205263158,-1.0248678,-2.036765294736842
307,L,-12.774452657894736,-0.3182409789473684,-1.1986995,-2.5361706842105263
308,V,-12.408922736842106,-0.304665847368421,-1.2730728,-2.5638072210526315
309,H,-12.571501052631579,0.7326565631578947,-1.1667452,-2.233738410526316
310,K,-12.442935315789475,1.6111617684210529,-1.4029784,-2.590641615789474
311,P,-12.838436736842105,-0.7216164368421053,-1.4639564,-3.2369231
312,G,-12.224358815789474,-0.6711945052631579,-1.4110036,-2.8596771894736843
313,E,-12.700169684210527,1.0919526894736842,-1.3110413,-2.553407705263158
314,V,-12.885202578947368,-0.304665847368421,-1.4825561,-3.2710549736842105
315,V,-12.63226005263158,-0.304665847368421,-1.2763496,-2.6404865368421055
316,V,-13.080277236842106,-0.304665847368421,-1.4164502,-3.163522447368421
317,S,-12.912828894736842,-0.669255205263158,-1.2279221,-2.6873920263157896
318,Y,-12.90531844736842,-0.7216164368421053,-1.2825918,-2.811231168421053
319,G,-12.516049131578947,-0.6711945052631579,-1.1288009,-2.3458581894736845
320,G,-12.554179894736842,-0.6711945052631579,-1.0047486,-2.1845543842105264
321,M,-12.755056368421052,-0.6110760473684211,-1.0458892,-2.3031282578947367
322,R,-12.805387763157896,2.8329239736842107,-1.0136645,-1.8469320894736843
323,V,-11.05840752631579,-0.304665847368421,-1.2308209,-2.156654105263158
324,R,-12.32633252631579,2.8329239736842107,-1.1519691,-1.9002123368421053
325,P,-12.265554342105263,-0.7216164368421053,-1.4168028,-2.895817815789474
326,K,-11.84593447368421,1.6111617684210529,-1.2651085,-2.0712119842105263
327,C,-12.08332894736842,-0.7177378263157895,-1.5657463,-3.248283984210526
328,Y,-12.382324184210526,-0.7216164368421053,-1.5582586,-3.3307935368421053
329,G,-11.69135492105263,-0.6711945052631579,-1.6117435,-3.259432052631579
330,F,-12.299618421052632,-0.196064752631579,-1.4891416,-3.0256261263157893
331,S,-12.47323447368421,-0.669255205263158,-1.5602172,-3.3311030631578946
332,R,-12.153551657894738,2.8329239736842107,-1.2546848,-2.0343548
333,M,-11.93042,-0.6110760473684211,-1.4172955,-2.7740248789473685
334,M,-12.102282105263159,-0.6110760473684211,-1.2313014,-2.4217504947368425
335,A,-12.369346342105263,-0.6188332684210526,-1.3485466,-2.755283057894737
336,T,-12.0598145,-0.7002840789473684,-1.1510174,-2.2306432736842106
337,L,-11.999164789473683,-0.3182409789473684,-1.1523751,-2.1809465210526313
338,E,-12.21785047368421,1.0919526894736842,-1.0755452,-1.910653042105263
339,V,-11.813662894736842,-0.304665847368421,-0.9071304,-1.7422023894736842
340,S,-3.3903872526315793,-0.669255205263158,-0.9466859,-1.3256235684210527
341,Q,-6.088076942105263,-0.33957332631578946,-0.784975,-1.0967291894736841
342,P,-12.04435,-0.7216164368421053,-0.9011765000000002,-1.847258110526316
343,E,-12.35579647368421,1.0919526894736842,-0.7810174,-1.5730022736842106
344,Q,-12.617515157894736,-0.33957332631578946,-0.7083332,-1.7663845315789475
345,R,-12.311369394736843,2.8329239736842107,-0.9024363000000001,-1.4766613894736842
346,I,-12.4292955,0.013380184210526365,-0.9345019,-1.9450153263157894
347,G,-12.574180263157894,-0.6711945052631579,-0.9187506,-2.039525857894737
348,Q,-12.453009368421053,-0.33957332631578946,-1.0568642,-2.1378936210526316
349,C,-12.286749684210525,-0.7177378263157895,-1.2296717,-2.4727427157894737
350,T,-12.228406315789474,-0.7002840789473684,-0.8806082,-1.872286047368421
351,G,-11.955123,-0.6711945052631579,-0.8973198000000001,-1.8034694210526314
352,C,-12.323479894736842,-0.7177378263157895,-1.245016,-2.5114150789473686
353,H,-11.797029184210526,0.7326565631578947,-0.9081397999999999,-1.6037778421052633
354,L,-12.466250842105262,-0.3182409789473684,-1.2174236,-2.454026347368421
355,E,-12.245855921052632,1.0919526894736842,-0.9200948,-1.6578534473684212
356,C,-12.234407263157896,-0.7177378263157895,-1.2677052,-2.530075457894737
357,I,-12.338186184210526,0.013380184210526365,-0.9170608000000001,-1.8566140736842107
358,N,-11.308844342105264,-0.3977524894736842,-0.9188288,-1.6401122526315788
359,G,-12.235595842105262,-0.6711945052631579,-1.2388446,-2.466841536842105
360,G,-12.19585205263158,-0.6711945052631579,-1.3365972,-2.702621021052632
361,V,-12.414936210526315,-0.304665847368421,-1.3837766,-2.824617952631579
362,R,-12.372642052631578,2.8329239736842107,-0.9780597000000001,-1.6273186421052632
363,L,-12.03017705263158,-0.3182409789473684,-1.3446845,-2.5805831263157892
364,I,-11.706086842105263,0.013380184210526365,-1.0171965,-1.807845552631579
365,T,-11.982967973684211,-0.7002840789473684,-1.1901384,-2.280013094736842
366,L,-12.952328368421052,-0.3182409789473684,-0.8783518999999999,-2.1011848842105265
367,T,-12.332770052631579,-0.7002840789473684,-0.9892061,-2.0482637421052634
368,S,-12.734111736842106,-0.669255205263158,-0.9919153,-2.2048111631578946
369,E,-12.043579052631578,1.0919526894736842,-0.909683,-1.5815377263157895
370,L,-12.172369684210526,-0.3182409789473684,-1.3541758,-2.6566173631578947
371,K,-11.330457157894736,1.6111617684210529,-1.2097544,-1.8689738315789473
372,S,-12.108038684210525,-0.669255205263158,-1.4536293,-2.9402385
373,A,-12.158428052631578,-0.6188332684210526,-1.5305331,-3.1540701894736842
374,T,-12.683266131578947,-0.7002840789473684,-1.5580871,-3.438390621052632
375,V,-12.250963657894737,-0.304665847368421,-1.5105094,-3.1102690684210526
376,C,-12.385215315789475,-0.7177378263157895,-1.4857211,-3.130363068421053
377,A,-12.354048842105263,-0.6188332684210526,-1.5119354,-3.1897568
378,S,-12.042165631578946,-0.669255205263158,-1.442353,-2.884756047368421
379,H,-12.148900078947369,0.7326565631578947,-1.5079557,-2.896237168421053
380,F,-12.293932394736842,-0.196064752631579,-1.4739754,-3.021510984210526
381,C,-12.210346263157895,-0.7177378263157895,-1.5667878,-3.298697615789474
382,S,-12.364315736842105,-0.669255205263158,-1.4486333,-2.9855680315789477
383,S,-12.21131005263158,-0.669255205263158,-1.4919018,-3.0546144736842105
384,A,-12.605674421052631,-0.6188332684210526,-1.46723,-3.1572830631578945
385,T,-12.05558694736842,-0.7002840789473684,-1.1422296,-2.203048594736842
386,S,-11.903031131578947,-0.669255205263158,-1.2135947,-2.2827413315789475
387,G,-12.284411,-0.6711945052631579,-1.0177149,-2.0855965736842106
388,K,-12.407952578947368,1.6111617684210529,-0.8785147,-1.6013474789473683
389,K,-12.201628052631579,1.6111617684210529,-0.8533824000000001,-1.496844547368421
390,S,-10.261815105263159,-0.669255205263158,-0.9087378,-1.5088492947368422
391,T,-11.926969789473684,-0.7002840789473684,-1.2459316,-2.3958300210526318
392,E,-12.63755402631579,1.0919526894736842,-1.0087977,-1.9336728157894738
393,I,-12.385909210526314,0.013380184210526365,-1.4082137,-2.8059133
394,Q,-10.98159947368421,-0.33957332631578946,-1.0984557,-1.8579114
395,F,-12.91755752631579,-0.196064752631579,-1.4816816,-3.2455785263157897
396,H,-12.460622657894737,0.7326565631578947,-1.3508067,-2.569368121052632
397,S,-12.073833315789475,-0.669255205263158,-1.140095,-2.2158331631578947
398,G,-12.504677263157895,-0.6711945052631579,-1.2728792,-2.6312055315789475
399,S,-12.015143131578947,-0.669255205263158,-1.4297806,-2.8458759631578947
400,L,-12.122243789473684,-0.3182409789473684,-1.3928975,-2.7341630736842104
401,V,-12.387027131578948,-0.304665847368421,-1.3163586,-2.636016821052632
402,G,-12.328870236842105,-0.6711945052631579,-1.2310045,-2.4895695368421054
403,K,-10.571635894736843,1.6111617684210529,-1.0262506,-1.3918943315789474
404,T,-10.67730402631579,-0.7002840789473684,-1.3600022,-2.4090424368421055
405,A,-11.71696389473684,-0.6188332684210526,-1.2239849,-2.337828142105263
406,I,-12.553762394736843,0.013380184210526365,-1.3930721,-2.850726252631579
407,H,-12.429848078947368,0.7326565631578947,-1.2997706,-2.4579734736842105
408,V,-11.198756157894737,-0.304665847368421,-1.404102,-2.5357492263157897
409,K,-12.534610078947368,1.6111617684210529,-1.3343655,-2.4654713
410,G,-12.175382921052632,-0.6711945052631579,-1.4890783,-3.0523522421052633
411,A,-12.269936052631579,-0.6188332684210526,-1.379095,-2.8046050263157896
412,L,-12.241159526315789,-0.3182409789473684,-1.2623266,-2.476410994736842
413,V,-12.29568002631579,-0.304665847368421,-1.0771935,-2.134125810526316
414,D,-12.603856157894736,1.2102503,-0.9201872,-1.7644501210526318
415,G,-12.060778184210527,-0.6711945052631579,-1.1063478,-2.1896140578947367
416,T,-12.052817947368421,-0.7002840789473684,-1.155084,-2.2589226157894737
417,E,-10.728348689473684,1.0919526894736842,-1.2480305,-1.8899701315789474
418,F,-12.380024078947368,-0.196064752631579,-1.3515422,-2.7132145789473685
419,T,-12.360415815789475,-0.7002840789473684,-1.1744357,-2.3787175368421054
420,F,-12.549033842105263,-0.196064752631579,-1.1533419,-2.3409385789473687
421,E,-12.38217005263158,1.0919526894736842,-1.0654343,-1.9302894105263158
422,G,-12.569927,-0.6711945052631579,-1.1069383,-2.3622041736842108
423,S,-11.199424342105264,-0.669255205263158,-1.1223164,-1.9765943
424,C,-12.044793447368422,-0.7177378263157895,-1.2654914,-2.477411010526316
425,M,-11.336631315789473,-0.6110760473684211,-0.9047370999999998,-1.6381819789473684
426,F,-12.536319131578948,-0.196064752631579,-1.258441,-2.5501110631578947
427,P,-12.813971263157894,-0.7216164368421053,-1.0447688,-2.328130563157895
428,D,-12.208489657894738,1.2102503,-1.1018687,-1.904409852631579
429,G,-11.97053610526316,-0.6711945052631579,-1.1350672,-2.174409136842105
430,C,-11.816444710526316,-0.7177378263157895,-1.0057762,-1.9042368684210527
431,D,-11.527298789473685,1.2102503,-1.1735454,-1.9329619421052633
432,A,-12.417107921052631,-0.6188332684210526,-0.9788787,-2.0481195947368422
433,V,-12.951897894736842,-0.304665847368421,-1.0858028,-2.390706494736842
434,D,-12.802509605263158,1.2102503,-0.7855049,-1.7007806736842104
435,C,-12.068185947368422,-0.7177378263157895,-0.805478,-1.7643519789473683
436,T,-13.089965842105263,-0.7002840789473684,-0.9796503,-2.3302653684210526
437,F,-13.233803263157895,-0.196064752631579,-0.9469722,-2.2859159842105266
438,C,-12.786781789473684,-0.7177378263157895,-1.1977742,-2.5930603315789473
439,R,-12.988705342105263,2.8329239736842107,-1.0215526,-1.9065616789473683
440,E,-12.932925552631579,1.0919526894736842,-0.9146051000000001,-1.9250273052631577
441,F,-12.937898342105262,-0.196064752631579,-1.1011543,-2.4250355999999997
442,L,-12.682218973684211,-0.3182409789473684,-1.1554514,-2.416767868421053
443,K,-12.935630394736842,1.6111617684210529,-1.0128658,-2.016696857894737
444,N,-12.378861236842106,-0.3977524894736842,-0.9845356000000001,-1.9901641105263157
445,P,-12.784841447368422,-0.7216164368421053,-1.0450511,-2.2938468894736843
446,Q,-12.821224894736842,-0.33957332631578946,-1.0666168,-2.3005991210526315
447,C,-13.059493263157895,-0.7177378263157895,-0.9506334000000001,-2.299986352631579
448,Y,-12.946758157894736,-0.7216164368421053,-0.7202184,-2.0187286105263156
449,P,-12.502492894736843,-0.7216164368421053,-0.7771231,-1.8735930368421052
450,A,-12.735884736842104,-0.6188332684210526,-0.6949458,-1.9150192842105265
451,K,-12.459864578947368,1.6111617684210529,-0.8473855,-1.5901047789473683
452,K,-13.247025315789474,1.6111617684210529,-0.9536602,-2.028463505263158
453,W,-12.570839368421053,-0.5044142684210526,-0.7807086,-1.8786091684210526
454,L,-12.71687402631579,-0.3182409789473684,-0.6908511,-1.8422107578947367
455,F,-13.07730902631579,-0.196064752631579,-0.8726772000000002,-2.134394947368421
456,I,-12.948807578947369,0.013380184210526365,-0.8845304,-2.049920594736842
457,I,-11.574103078947369,0.013380184210526365,-0.7188504,-1.4847250789473685
458,I,-12.936041578947368,0.013380184210526365,-0.7045915,-1.866632068421053
459,V,-11.187172284210527,-0.304665847368421,-0.7918507,-1.4760076315789474
460,I,-12.647852868421053,0.013380184210526365,-0.7858328,-1.8353562631578948
461,L,-12.843525105263158,-0.3182409789473684,-0.6935116,-1.899343889473684
462,L,-12.975727342105262,-0.3182409789473684,-0.6677385,-1.9045551368421052
463,G,-12.700895605263158,-0.6711945052631579,-0.723239,-1.8672757157894735
464,Y,-12.778962736842105,-0.7216164368421053,-0.7041914,-1.912501336842105
465,A,-12.810238578947368,-0.6188332684210526,-0.6859354,-1.9229745368421054
466,G,-13.042718157894736,-0.6711945052631579,-0.6623264,-1.9745979578947366
467,L,-12.243941447368421,-0.3182409789473684,-0.5986435,-1.5663901315789472
468,M,-12.620669763157895,-0.6110760473684211,-0.6039947,-1.7634632894736844
469,L,-12.617881394736841,-0.3182409789473684,-0.5447337,-1.700654615789474
470,L,-11.685193573684211,-0.3182409789473684,-0.5590863,-1.4292328736842106
471,T,-12.71934757894737,-0.7002840789473684,-0.5442141,-1.7709172789473684
472,N,-12.937474315789473,-0.3977524894736842,-0.5358829,-1.8126375368421053
473,V,-12.794896131578946,-0.304665847368421,-0.5574566,-1.7670859999999997
474,L,-12.539094631578948,-0.3182409789473684,-0.4943785,-1.641184752631579
475,K,-12.80524644736842,1.6111617684210529,-0.42764940000000007,-1.4444462263157896
476,A,-12.975720894736844,-0.6188332684210526,-0.48778249999999995,-1.861619042105263
477,I,-12.846005052631579,0.013380184210526365,-0.5021121,-1.7128036000000002
478,G,-12.722778342105263,-0.6711945052631579,-0.5262768,-1.7469409789473687
479,V,-11.21813972631579,-0.304665847368421,-0.49779439999999997,-1.2753039210526316
480,W,-12.422048315789475,-0.5044142684210526,-0.4623931,-1.6196659736842105
481,G,-12.701981368421054,-0.6711945052631579,-0.4612378,-1.747839310526316
482,S,-12.594109736842105,-0.669255205263158,-0.4761040000000001,-1.6845706105263158
483,W,-12.791902315789473,-0.5044142684210526,-0.4450274,-1.7316806947368422
484,V,-13.112722289473686,-0.304665847368421,-0.4145971,-1.822558794736842
485,I,-11.730892736842106,0.013380184210526365,-0.433146,-1.3226415105263158
486,A,-12.743298921052633,-0.6188332684210526,-0.4842483,-1.746566947368421
487,P,-12.685354157894736,-0.7216164368421053,-0.4763481,-1.7429336315789472
488,V,-12.780781,-0.304665847368421,-0.44095170000000006,-1.7074215631578948
489,K,-12.817402000000001,1.6111617684210529,-0.4005279,-1.444049694736842
490,L,-12.574784105263157,-0.3182409789473684,-0.4319388,-1.6191331473684212
491,V,-6.353984631578947,-0.304665847368421,-0.4040374,-0.889678447368421
492,F,-12.570190368421052,-0.196064752631579,-0.3922767,-1.5803083368421054
493,A,-12.323319263157895,-0.6188332684210526,-0.43464150000000007,-1.5742002421052632
494,L,-0.07996250000000002,-0.3182409789473684,-0.4085665,-0.8757341947368422
495,I,-11.196713089473684,0.013380184210526365,-0.3703951,-1.2229804684210526
496,K,-12.538689789473684,1.6111617684210529,-0.36646,-1.3054869105263158
497,K,-11.221043684210526,1.6111617684210529,-0.3656232,-0.9731560105263157
498,L,-12.394524894736842,-0.3182409789473684,-0.3741865,-1.5680298052631578
499,M,-11.555419842105263,-0.6110760473684211,-0.365778,-1.3549521684210526
500,R,-12.796438078947368,2.8329239736842107,-0.3771881,-1.3106753736842105
501,A,-4.114887426315789,-0.6188332684210526,-0.3657383,-0.9071670473684211
502,V,-12.616011789473685,-0.304665847368421,-0.3990347,-1.6259099000000001
503,S,-12.483758236842105,-0.669255205263158,-0.422038,-1.6063109
504,C,-10.312814763157894,-0.7177378263157895,-0.3765302,-1.1402112263157895
505,L,-12.208431947368421,-0.3182409789473684,-0.3538961,-1.496135042105263
506,M,-11.029329,-0.6110760473684211,-0.3816877,-1.2431123263157895
507,G,-12.467015236842105,-0.6711945052631579,-0.4229357,-1.631828657894737
508,K,-12.05204042105263,1.6111617684210529,-0.3252104,-1.1302838894736842
509,L,-13.047054947368421,-0.3182409789473684,-0.3236859,-1.7760517263157896
510,M,-12.511037789473685,-0.6110760473684211,-0.3446295,-1.6158837631578946
511,D,-12.05224605263158,1.2102503,-0.3487705,-1.2119632210526317
512,R,-12.506411921052631,2.8329239736842107,-0.3114765,-1.169027894736842
513,G,-12.930195000000001,-0.6711945052631579,-0.3578933,-1.789318610526316
514,R,-13.081568657894737,2.8329239736842107,-0.2730226,-1.3955137684210526
515,Q,-12.706388815789474,-0.33957332631578946,-0.3167427,-1.6335880105263159
516,V,-12.957159815789474,-0.304665847368421,-0.3344055,-1.746725947368421
517,I,-12.712383105263157,0.013380184210526365,-0.2977962,-1.5890698157894736
518,H,-12.325240210526315,0.7326565631578947,-0.2659223,-1.332227494736842
519,E,-12.48395094736842,1.0919526894736842,-0.2821649,-1.3479071315789475
520,E,-12.683169736842105,1.0919526894736842,-0.2226924,-1.386310747368421
521,I,-12.585596894736842,0.013380184210526365,-0.1842287,-1.5292289210526315
522,G,-12.492033342105264,-0.6711945052631579,-0.657414,-1.769184152631579
523,E,-12.46204905263158,1.0919526894736842,-0.657414,-1.5320552421052631
524,N,-12.209427789473684,-0.3977524894736842,-0.657414,-1.6083045
525,R,-10.86773357368421,2.8329239736842107,-0.657414,-0.9299820105263158
526,E,-12.213282526315789,1.0919526894736842,-0.657414,-1.3904508842105263
527,G,-12.499453868421051,-0.6711945052631579,-0.657414,-1.765841210526316
528,N,-12.629188868421053,-0.3977524894736842,-0.657414,-1.7512225105263157
529,Q,-10.207140426315789,-0.33957332631578946,-0.657414,-1.1865679894736842
530,D,-11.102853705263158,1.2102503,-0.657414,-1.129655094736842
531,D,-13.341726105263158,1.2102503,-0.657414,-1.8243111
532,V,-11.89795557894737,-0.304665847368421,-0.657414,-1.540783657894737
533,R,-12.672684631578946,2.8329239736842107,-0.657414,-1.3904805052631577
534,I,-13.08154294736842,0.013380184210526365,-0.657414,-1.9208408894736844
535,E,-12.889751184210526,1.0919526894736842,-0.657414,-1.6557038105263158
536,M,-12.498181736842104,-0.6110760473684211,-0.657414,-1.751330452631579
537,A,-11.870791842105264,-0.6188332684210526,-0.657414,-1.5576309263157895
538,R,-12.563168157894737,2.8329239736842107,-0.657414,-1.3682399947368422
539,P,-13.053877894736843,-0.7216164368421053,-0.657414,-1.9891318789473682
540,R,-12.500629710526317,2.8329239736842107,-0.657414,-1.3103412789473683
541,R,-12.677239763157894,2.8329239736842107,-0.657414,-1.3910771631578946
542,V,-12.688309578947369,-0.304665847368421,-0.657414,-1.7712780842105262
543,R,-13.139532842105263,2.8329239736842107,-0.657414,-1.5917603157894735
544,H,-12.343769105263158,0.7326565631578947,-0.657414,-1.4800785631578948
545,W,-12.903532394736843,-0.5044142684210526,-0.657414,-1.918465752631579
546,M,-13.053762342105264,-0.6110760473684211,-0.657414,-1.9696907263157897
547,Y,-12.695646473684212,-0.7216164368421053,-0.657414,-1.8450125631578946
548,S,-12.732248263157894,-0.669255205263158,-0.657414,-1.827984910526316
549,P,-13.027986289473683,-0.7216164368421053,-0.657414,-1.9767055157894737
550,V,-13.115825526315788,-0.304665847368421,-0.657414,-1.9693438578947369
551,I,-11.670776421052631,0.013380184210526365,-0.657414,-1.4644291263157896
552,L,-12.870978000000001,-0.3182409789473684,-0.657414,-1.8580916894736843
553,T,-11.62780102631579,-0.7002840789473684,-0.657414,-1.5152968368421054
554,I,-12.469501684210528,0.013380184210526365,-0.657414,-1.6630911894736844
555,L,-13.32863889473684,-0.3182409789473684,-0.657414,-2.072133057894737
556,A,-13.021407342105263,-0.6188332684210526,-0.657414,-1.9427457368421053
557,I,-10.732710942105262,0.013380184210526365,-0.657414,-1.236581252631579
558,G,-12.874280447368422,-0.6711945052631579,-0.657414,-1.9272943105263156
559,L,-12.839798736842106,-0.3182409789473684,-0.657414,-1.8700405736842105
560,A,-13.182809921052632,-0.6188332684210526,-0.657414,-2.0418801842105263
561,E,-12.669292210526317,1.0919526894736842,-1.1305992,-2.156970263157895
562,G,-11.892327689473683,-0.6711945052631579,-1.3678516,-2.7083899052631577
563,C,-12.722874710526316,-0.7177378263157895,-1.5417202,-3.4130460421052633
564,D,-12.745894631578947,1.2102503,-1.4220175,-2.8039026631578947
565,E,-12.380782368421054,1.0919526894736842,-1.3155583,-2.4528694368421053
566,M,-12.742816999999999,-0.6110760473684211,-1.3474147,-2.909515057894737
567,V,-12.389365815789475,-0.304665847368421,-1.2254722,-2.468197947368421
568,H,-12.671952105263157,0.7326565631578947,-1.0327079,-2.0350203315789472
569,A,-12.549091552631578,-0.6188332684210526,-1.2365059,-2.5777136263157896
570,D,-12.53491857894737,1.2102503,-0.9819003999999999,-1.8482763526315789
571,S,-13.020192921052631,-0.669255205263158,-0.894788,-2.1923649263157894
572,K,-13.3490825,1.6111617684210529,-0.6292978,-1.7932861736842103
573,L,-13.170172421052632,-0.3182409789473684,-0.8734686999999999,-2.1939760368421055
574,V,-12.478849789473685,-0.304665847368421,-1.0414434,-2.1501972263157896
575,S,-12.762142684210527,-0.669255205263158,-0.7707401,-1.944032989473684
576,C,-12.985698552631579,-0.7177378263157895,-0.8864242000000001,-2.2091679210526314
577,R,-10.390535026315789,2.8329239736842107,-0.7250912,-0.898462694736842
578,Q,-12.988326210526315,-0.33957332631578946,-0.6834339,-1.9254227789473684
579,G,-13.197503263157895,-0.6711945052631579,-0.6713074,-2.0666586263157893
580,S,-12.913651157894737,-0.669255205263158,-0.6609173,-1.9317291789473685
581,G,-12.259335289473684,-0.6711945052631579,-0.6546438,-1.6807245368421053
582,N,-12.921425210526316,-0.3977524894736842,-0.7309202,-1.9096025736842104
583,M,-13.072522526315788,-0.6110760473684211,-0.8448777,-2.1483058842105263
584,K,-13.032509289473683,1.6111617684210529,-0.9205931,-1.920757889473684
585,E,-12.507028710526315,1.0919526894736842,-0.8708167,-1.704988394736842
586,C,-13.072856736842105,-0.7177378263157895,-1.0746739,-2.490030547368421
587,V,-11.560225631578946,-0.304665847368421,-0.8843881999999998,-1.7115330368421051
588,T,-12.832391,-0.7002840789473684,-1.1239507,-2.4590711263157896
589,T,-13.03420547368421,-0.7002840789473684,-0.8746501,-2.157939631578947
590,G,-12.533736394736843,-0.6711945052631579,-1.0447935,-2.2127700157894736
591,R,-13.042075657894737,2.8329239736842107,-0.9144129,-1.8031792315789472
592,A,-11.409738631578946,-0.6188332684210526,-1.2616926,-2.3315384105263157
593,L,-12.840775500000001,-0.3182409789473684,-0.9923593,-2.182298094736842
594,L,-12.936356394736842,-0.3182409789473684,-1.4148643,-3.082044410526316
595,P,-13.233642605263158,-0.7216164368421053,-1.2657811,-2.9295824631578946
596,A,-12.857845894736842,-0.6188332684210526,-1.4341828,-3.1557011368421053
597,V,-12.545969105263158,-0.304665847368421,-1.4839962,-3.1184556368421052
598,N,-13.249595210526316,-0.3977524894736842,-1.486338,-3.4144504631578947
599,P,-12.845516868421052,-0.7216164368421053,-1.5539148,-3.489932421052632
600,G,-13.037976710526316,-0.6711945052631579,-1.4911696,-3.3752038368421053
601,Q,-12.809049842105264,-0.33957332631578946,-1.4925422,-3.2216718105263156
602,E,-12.976671684210526,1.0919526894736842,-1.4281852,-2.928193542105263
603,A,-12.894338552631579,-0.6188332684210526,-1.4646153,-3.257599131578947
604,C,-12.47489852631579,-0.7177378263157895,-1.5337757,-3.297113236842105
605,L,-12.807456578947368,-0.3182409789473684,-1.400531,-3.0111022894736843
606,H,-12.716250736842106,0.7326565631578947,-1.3289426,-2.6204075736842105
607,F,-12.665238210526315,-0.196064752631579,-1.2908513,-2.6632221210526317
608,T,-12.82923002631579,-0.7002840789473684,-1.0722588,-2.359602778947368
609,A,-12.841469184210526,-0.6188332684210526,-1.1329858,-2.465503142105263
610,P,-13.1643645,-0.7216164368421053,-0.8883763,-2.240768294736842
611,G,-12.794202342105264,-0.6711945052631579,-0.8461618999999999,-2.0359632263157894
612,S,-12.588860684210527,-0.669255205263158,-1.0837227,-2.313726242105263
613,P,-12.743607368421053,-0.7216164368421053,-0.9663665999999999,-2.184001578947368
614,D,-12.605539368421052,1.2102503,-1.2328973,-2.3092701157894737
615,S,-12.902388684210527,-0.669255205263158,-1.2497663,-2.719010921052632
616,K,-12.619236894736842,1.6111617684210529,-1.1825764,-2.1737771315789476
617,C,-12.484471394736843,-0.7177378263157895,-1.3978341,-2.9359607526315785
618,L,-12.821899289473684,-0.3182409789473684,-1.3894759,-2.998006536842105
619,K,-12.158267421052631,1.6111617684210529,-1.3760773,-2.4439196684210525
620,I,-12.720799394736842,0.013380184210526365,-1.4744036,-3.101587757894737
621,K,-13.178261105263159,1.6111617684210529,-1.4007612,-2.8866026894736843
622,V,-12.711207315789473,-0.304665847368421,-1.5182081,-3.2882341315789474
623,K,-13.299849631578946,1.6111617684210529,-1.425469,-3.006437884210526
624,R,-12.696134815789474,2.8329239736842107,-1.5444585,-2.9458310315789475
625,I,-12.841302289473685,0.013380184210526365,-1.5289709,-3.330571989473684
626,N,-12.482280421052632,-0.3977524894736842,-1.5896764,-3.4009453210526317
627,L,-12.969925684210526,-0.3182409789473684,-1.4010558,-3.0692934368421056
628,K,-13.237073394736841,1.6111617684210529,-1.5334867,-3.2659331
629,C,-12.809538184210526,-0.7177378263157895,-1.4437931,-3.1865680789473685
630,K,-13.160297631578947,1.6111617684210529,-1.1957079,-2.416887157894737
631,K,-13.170525868421052,1.6111617684210529,-1.3151202,-2.6859406736842106
632,S,-13.056454421052631,-0.669255205263158,-1.1124066,-2.545574105263158
633,S,-12.78312602631579,-0.669255205263158,-1.2262327,-2.6122482631578947
634,S,-12.969957763157893,-0.669255205263158,-1.208278,-2.690836894736842
635,Y,-12.76720547368421,-0.7216164368421053,-1.4264633,-3.1113373842105263
636,F,-12.680657684210527,-0.196064752631579,-1.2934853,-2.671063368421053
637,V,-12.987266184210526,-0.304665847368421,-1.431141,-3.169818752631579
638,P,-12.864174289473684,-0.7216164368421053,-1.433531,-3.1520267157894737
639,D,-12.641961342105263,1.2102503,-1.3091358,-2.4771625368421053
640,A,-12.515695684210526,-0.6188332684210526,-1.3929478,-2.9179396210526316
641,R,-13.066008,2.8329239736842107,-1.1244464,-2.104273610526316
642,S,-12.904907210526316,-0.669255205263158,-1.2946438,-2.8398561736842103
643,R,-13.32369847368421,2.8329239736842107,-1.3040515,-2.642174142105263
644,C,-12.9622095,-0.7177378263157895,-1.4143216,-3.152937147368421
645,T,-12.241236552631579,-0.7002840789473684,-1.4333326,-2.961717052631579
646,S,-12.744892236842105,-0.669255205263158,-1.3979082,-3.009279289473684
647,V,-12.688675710526315,-0.304665847368421,-1.4540387,-3.087495094736842
648,R,-13.059975078947367,2.8329239736842107,-1.3245716,-2.529935363157895
649,R,-12.449912657894737,2.8329239736842107,-1.3980325,-2.488908378947368
650,C,-12.914537999999999,-0.7177378263157895,-1.3668745,-3.0165460421052632
651,R,-13.071982815789474,2.8329239736842107,-1.0802375,-2.0840777157894737
652,W,-12.911441157894737,-0.5044142684210526,-1.0760383,-2.3824841789473687
653,A,-12.78496997368421,-0.6188332684210526,-1.2654283,-2.7211638631578947
654,G,-12.663779842105264,-0.6711945052631579,-1.0482407,-2.2423932736842107
655,D,-12.674875552631578,1.2102503,-1.2074515,-2.277323657894737
656,C,-12.919812605263157,-0.7177378263157895,-1.2224322,-2.7117308842105263
657,Q,-13.03752697368421,-0.33957332631578946,-0.8913097,-2.1375504315789473
658,S,-13.234252947368422,-0.669255205263158,-0.8510914,-2.2245658842105263
659,G,-13.215319184210527,-0.6711945052631579,-1.0986525,-2.5931379684210527
660,C,-12.785695815789474,-0.7177378263157895,-1.0729577,-2.352695394736842
661,P,-12.448145684210527,-0.7216164368421053,-0.9770941,-2.0987450736842104
662,P,-9.300048836842105,-0.7216164368421053,-0.9071453,-1.4184568
663,H,-12.603085078947368,0.7326565631578947,-0.610203,-1.5537013210526316
664,F,-12.827893736842105,-0.196064752631579,-0.8113459,-1.9455454421052631
665,T,-12.576403157894736,-0.7002840789473684,-1.1234773,-2.3754972947368422
666,S,-12.989405657894737,-0.669255205263158,-0.9205797,-2.2090029315789472
667,N,-12.559846684210527,-0.3977524894736842,-0.9461748999999999,-2.024437094736842
668,S,-12.603342131578948,-0.669255205263158,-1.2698463,-2.6800869631578945
669,F,-13.00619352631579,-0.196064752631579,-1.1227133,-2.4745513631578944
670,S,-13.013864657894738,-0.669255205263158,-1.4241804,-3.202584863157895
671,D,-13.246524184210525,1.2102503,-1.446814,-3.0721313421052634
672,D,-12.472765421052632,1.2102503,-1.5455317,-3.025195657894737
673,W,-12.158068157894737,-0.5044142684210526,-1.4131971,-2.8307590315789475
674,A,-12.830482815789475,-0.6188332684210526,-1.4953206,-3.3122563736842103
675,G,-12.758043789473684,-0.6711945052631579,-1.3989341,-3.024857994736842
676,K,-12.809428921052632,1.6111617684210529,-1.2373705,-2.3503703263157893
677,M,-12.833104236842106,-0.6110760473684211,-1.4380826,-3.154384694736842
678,D,-12.97775747368421,1.2102503,-1.2528878,-2.532054894736842
679,R,-12.689067605263158,2.8329239736842107,-1.3092103,-2.369960010526316
680,A,-13.021208078947367,-0.6188332684210526,-1.4410887,-3.230678610526316
681,G,-12.578709578947368,-0.6711945052631579,-1.3681279,-2.899231336842105
682,L,-13.05967952631579,-0.3182409789473684,-1.2647261,-2.8151473263157896
683,G,-13.290668736842106,-0.6711945052631579,-1.3105666,-3.0484966157894737
684,F,-12.586457947368421,-0.196064752631579,-1.0514427,-2.217230257894737
685,S,-13.125597421052632,-0.669255205263158,-1.2528086,-2.8312742736842105
686,G,-13.155928789473684,-0.6711945052631579,-1.250831,-2.8692898736842105
687,C,-12.960070263157894,-0.7177378263157895,-1.2154846,-2.6982754736842107
688,S,-13.295538763157895,-0.669255205263158,-1.1172607,-2.6351763
689,D,-13.278416710526315,1.2102503,-0.9805253,-2.1519660263157894
690,G,-12.501625421052632,-0.6711945052631579,-1.1107901,-2.3032715842105262
691,C,-12.282451578947368,-0.7177378263157895,-1.1177052,-2.2305060789473683
692,G,-13.272859315789473,-0.6711945052631579,-1.2252107,-2.838296957894737
693,G,-12.717888973684211,-0.6711945052631579,-1.0667875,-2.3239911842105263
694,A,-12.943455789473683,-0.6188332684210526,-0.8344689,-2.101316957894737
695,A,-12.819329578947368,-0.6188332684210526,-0.8113481,-2.0135079210526317
696,C,-12.906680447368421,-0.7177378263157895,-1.1853662,-2.609744389473684
697,G,-13.374068342105264,-0.6711945052631579,-1.1666795,-2.787807436842105
698,C,-13.095388394736842,-0.7177378263157895,-1.3491475,-3.0623359315789473
699,F,-12.65634,-0.196064752631579,-1.0831258,-2.260002710526316
700,N,-12.680047289473684,-0.3977524894736842,-0.9455043,-2.075560642105263
701,A,-13.198062315789473,-0.6188332684210526,-0.7846219,-2.150559494736842
702,A,-13.019679052631579,-0.6188332684210526,-0.9809584,-2.2997852421052634
703,P,-12.618915657894737,-0.7216164368421053,-0.9268964000000001,-2.066008026315789
704,S,-13.206208789473685,-0.669255205263158,-1.2916036,-2.964459110526316
705,C,-12.899484710526316,-0.7177378263157895,-1.2585195,-2.7865667421052636
706,I,-12.722392789473684,0.013380184210526365,-1.2781218,-2.647474447368421
707,F,-13.018034368421054,-0.196064752631579,-1.3321794,-2.905551621052632
708,W,-12.816431999999999,-0.5044142684210526,-1.2818671,-2.7666877947368422
709,R,-13.523270552631578,2.8329239736842107,-1.4071876,-2.9708675210526314
710,K,-12.658986947368422,1.6111617684210529,-1.3075488,-2.433280057894737
711,W,-12.883397184210526,-0.5044142684210526,-1.4441221,-3.1849552157894734
712,V,-12.476967236842105,-0.304665847368421,-1.3961409,-2.8677160631578946
713,E,-12.69338497368421,1.0919526894736842,-1.3899744,-2.7544419263157893
714,N,-13.00515902631579,-0.3977524894736842,-1.3310068,-2.923609847368421
715,P,-12.921290368421053,-0.7216164368421053,-1.214182,-2.687593521052632
716,H,-12.744885921052632,0.7326565631578947,-1.0179926,-2.0142081315789473
717,G,-13.109342947368422,-0.6711945052631579,-1.2241878,-2.771809247368421
718,I,-12.819927026315789,0.013380184210526365,-1.2399402,-2.5793923684210527
719,I,-13.240472078947368,0.013380184210526365,-1.3424575,-3.011078647368421
720,W,-12.995849684210526,-0.5044142684210526,-1.3725887,-3.065880715789474
721,K,-13.004465236842105,1.6111617684210529,-1.3007774,-2.5737741842105266
722,V,-12.879587315789474,-0.304665847368421,-1.4745929,-3.221660105263158
723,S,-12.946629578947368,-0.669255205263158,-1.4115795,-3.1275655736842105
724,P,-13.28807305263158,-0.7216164368421053,-1.3836729,-3.2172825210526317
725,C,-13.02660497368421,-0.7177378263157895,-1.3539417,-3.0523821421052633
726,A,-12.914056,-0.6188332684210526,-1.1085517,-2.4706401631578947
727,A,-12.93711457894737,-0.6188332684210526,-1.1959427,-2.633190231578947
728,W,-12.827810368421053,-0.5044142684210526,-1.3740921,-2.967046
729,V,-12.454249289473685,-0.304665847368421,-1.2787365,-2.600157263157895
730,P,-12.403365210526315,-0.7216164368421053,-1.3762265,-2.856744447368421
731,S,-12.88003052631579,-0.669255205263158,-1.4717233,-3.2646580000000003
732,A,-12.996774815789474,-0.6188332684210526,-1.5435754,-3.500759563157895
733,V,-12.706324605263157,-0.304665847368421,-1.5066899,-3.2717239157894737
734,I,-13.72024694736842,0.013380184210526365,-1.4875584,-3.6072394578947367
735,E,-12.999261105263159,1.0919526894736842,-1.3045703,-2.6410617789473685
736,L,-12.921984184210526,-0.3182409789473684,-1.378672,-2.990280168421053
737,T,-13.038696289473684,-0.7002840789473684,-1.2809648,-2.858382452631579
738,M,-11.920538621052632,-0.6110760473684211,-1.2367386,-2.4056320263157893
739,P,-12.523199736842106,-0.7216164368421053,-1.2558512,-2.600006221052632
740,S,-12.979980552631579,-0.669255205263158,-1.054087,-2.3744575736842104
741,G,-12.862124763157894,-0.6711945052631579,-1.0343991,-2.3380663263157895
742,E,-12.926809157894738,1.0919526894736842,-0.9902301000000001,-2.033856736842105
743,V,-12.967278631578948,-0.304665847368421,-1.1270606,-2.4965938368421052
744,R,-13.341662052631579,2.8329239736842107,-1.094456,-2.185391047368421
745,T,-12.63418752631579,-0.7002840789473684,-1.2656875,-2.6491618736842106
746,F,-13.012611710526315,-0.196064752631579,-1.307259,-2.850442094736842
747,H,-12.747243763157895,0.7326565631578947,-1.3797078,-2.754747084210526
748,P,-12.815236973684211,-0.7216164368421053,-1.4411469,-3.171694705263158
749,M,-13.312262315789473,-0.6110760473684211,-1.3557053,-3.1429126
750,S,-12.644177868421053,-0.669255205263158,-1.3173737,-2.7694075894736843
751,G,-12.822798921052632,-0.6711945052631579,-1.1136054,-2.4382766736842107
752,I,-12.850586,0.013380184210526365,-1.1110051,-2.3713555578947365
753,P,-13.391922842105265,-0.7216164368421053,-1.0170344,-2.5355711684210527
754,T,-13.078940947368421,-0.7002840789473684,-1.2645097,-2.868909894736842
755,Q,-13.057777921052631,-0.33957332631578946,-0.9029865,-2.153477947368421
756,V,-12.755602394736842,-0.304665847368421,-0.9541694,-2.0933669894736844
757,F,-13.200882815789475,-0.196064752631579,-1.0990902,-2.500111563157895
758,K,-12.921785157894737,1.6111617684210529,-0.9830019999999999,-1.9291957684210526
759,G,-12.632118684210527,-0.6711945052631579,-1.0818379,-2.3085960421052634
760,V,-13.243594473684212,-0.304665847368421,-1.3027899,-2.9843030315789476
761,S,-12.824038842105262,-0.669255205263158,-1.1329375,-2.4957531
762,V,-13.00512047368421,-0.304665847368421,-1.4131474,-3.109029947368421
763,T,-13.410091894736842,-0.7002840789473684,-1.204799,-2.8664407315789475
764,Y,-12.863178447368421,-0.7216164368421053,-1.4600304,-3.2387807105263158
765,L,-12.956453052631579,-0.3182409789473684,-1.096971,-2.408309247368421
766,G,-13.05677563157895,-0.6711945052631579,-1.3209842,-2.975505684210526
767,S,-13.014629105263158,-0.669255205263158,-1.0626056,-2.417302752631579
768,D,-12.701171763157895,1.2102503,-1.0174449,-1.9704866842105264
769,M,-12.852648342105264,-0.6110760473684211,-1.1136292,-2.4445115526315786
770,E,-12.800903342105263,1.0919526894736842,-0.8381964,-1.768231836842105
771,V,-12.897525184210526,-0.304665847368421,-1.1648157,-2.518946984210526
772,S,-13.29337347368421,-0.669255205263158,-0.9544894000000002,-2.4080921263157897
773,G,-13.174714736842105,-0.6711945052631579,-0.9631202000000001,-2.3423804736842104
774,L,-13.386378236842106,-0.3182409789473684,-1.2384467,-2.8904485631578947
775,T,-12.465704578947369,-0.7002840789473684,-0.9360167,-2.006547905263158
776,D,-12.753424263157894,1.2102503,-1.0578815,-2.044892647368421
777,L,-13.213533157894737,-0.3182409789473684,-1.2400594,-2.7993571684210523
778,C,-12.450465157894737,-0.7177378263157895,-1.4724297,-3.1145788684210527
779,E,-13.06092597368421,1.0919526894736842,-1.4688577,-3.0758696684210527
780,I,-12.167988105263158,0.013380184210526365,-1.4393621,-2.8487739684210527
781,E,-12.552291105263157,1.0919526894736842,-1.389673,-2.663028405263158
782,E,-12.734471421052632,1.0919526894736842,-1.2563549,-2.4233616789473684
783,L,-12.787790421052632,-0.3182409789473684,-1.2497098,-2.651004289473684
784,K,-12.646381526315789,1.6111617684210529,-1.1216857,-2.0522414105263156
785,S,-13.460082947368422,-0.669255205263158,-1.0982577,-2.681272410526316
786,K,-12.790707263157895,1.6111617684210529,-1.2568719,-2.3940437315789476
787,K,-12.669517184210525,1.6111617684210529,-1.1550933,-2.1270646631578947
788,L,-13.352956605263158,-0.3182409789473684,-1.4198068,-3.294866436842105
789,A,-13.033736368421051,-0.6188332684210526,-1.3506322,-3.0246978736842105
790,L,-13.216173657894737,-0.3182409789473684,-1.3782172,-3.131848694736842
791,A,-12.821250578947367,-0.6188332684210526,-1.3681684,-2.990433773684211
792,P,-12.679449736842106,-0.7216164368421053,-1.2096764,-2.5611467684210525
793,C,-13.268882315789474,-0.7177378263157895,-1.4782665,-3.4636971263157896
794,N,-13.124749526315789,-0.3977524894736842,-1.2576799,-2.7838506684210524
795,Q,-12.977924473684212,-0.33957332631578946,-1.0596855,-2.345593163157895
796,A,-13.256835894736843,-0.6188332684210526,-1.1760484,-2.7469279684210526
797,G,-13.026784657894737,-0.6711945052631579,-1.0542752,-2.4449088105263157
798,M,-12.693230842105264,-0.6110760473684211,-0.9071007999999999,-2.0756449315789474
799,G,-12.878816342105262,-0.6711945052631579,-1.1610601,-2.561904557894737
800,V,-13.311921684210526,-0.304665847368421,-0.9631798999999999,-2.363014089473684
801,V,-13.18818752631579,-0.304665847368421,-1.0462073,-2.4478313263157894
802,G,-12.989431394736842,-0.6711945052631579,-1.0406427,-2.4097723
803,K,-12.479524263157895,1.6111617684210529,-1.0755163,-1.9366405842105265
804,V,-13.132748184210525,-0.304665847368421,-1.4261256,-3.213841994736842
805,G,-13.07858755263158,-0.6711945052631579,-1.4102738,-3.207092910526316
806,E,-12.862259578947368,1.0919526894736842,-1.268676,-2.5058665631578947
807,I,-12.90860144736842,0.013380184210526365,-1.3873962,-2.970205731578947
808,Q,-13.318950473684211,-0.33957332631578946,-1.3423508,-3.075063515789474
809,C,-13.403557999999999,-0.7177378263157895,-1.444984,-3.4398689
810,S,-12.960693368421053,-0.669255205263158,-1.1130352,-2.466107394736842
811,S,-13.378912684210526,-0.669255205263158,-1.1546387,-2.761268852631579
812,E,-12.870656842105264,1.0919526894736842,-1.2336948,-2.425358294736842
813,E,-12.935508342105262,1.0919526894736842,-0.9418587,-1.9765489210526315
814,S,-12.748798631578946,-0.669255205263158,-1.2469549,-2.6612581368421053
815,A,-12.906571210526316,-0.6188332684210526,-1.3706415,-3.0217724
816,R,-13.811619894736841,2.8329239736842107,-1.1785849,-2.5773219842105264
817,T,-12.853496263157895,-0.7002840789473684,-1.2230836,-2.654342842105263
818,I,-11.973054615789474,0.013380184210526365,-1.3933898,-2.6856613263157896
819,K,-12.262104315789474,1.6111617684210529,-1.1583529,-2.0319930578947365
820,K,-13.115767631578947,1.6111617684210529,-1.0452636,-2.1366578368421054
821,D,-13.173654684210527,1.2102503,-1.0116072,-2.145053863157895
822,G,-13.301892789473683,-0.6711945052631579,-1.1105787,-2.6519216
823,C,-13.242637184210526,-0.7177378263157895,-1.3609688,-3.144376278947368
824,I,-12.657477131578947,0.013380184210526365,-0.9966724,-2.0970860315789475
825,W,-13.104395789473685,-0.5044142684210526,-1.251617,-2.8057031368421055
826,N,-13.045667157894735,-0.3977524894736842,-1.1399364,-2.507683610526316
827,A,-12.862747973684211,-0.6188332684210526,-1.014234,-2.2832023578947367
828,D,-12.973324421052633,1.2102503,-0.9064133,-1.9196816368421052
829,L,-13.003552842105265,-0.3182409789473684,-1.2334781,-2.7002097894736843
830,V,-12.631900078947368,-0.304665847368421,-1.3359229,-2.7808690789473682
831,G,-12.637084947368422,-0.6711945052631579,-1.1180195,-2.3695303263157896
832,I,-13.220831631578946,0.013380184210526365,-1.2593087,-2.814165805263158
833,E,-12.735589394736843,1.0919526894736842,-0.9244196,-1.8535046000000002
834,L,-13.126419868421053,-0.3182409789473684,-1.0159683,-2.349870315789474
835,R,-12.803421894736843,2.8329239736842107,-0.9625956,-1.7417226947368418
836,V,-13.119005710526316,-0.304665847368421,-0.9400736,-2.2399691526315793
837,D,-13.122687052631578,1.2102503,-1.1668997,-2.384415705263158
838,D,-12.664049631578948,1.2102503,-1.2791648,-2.428789510526316
839,A,-13.348093078947368,-0.6188332684210526,-1.3053919,-3.0397587157894734
840,V,-13.068262868421053,-0.304665847368421,-1.0548808,-2.3874661157894734
841,C,-13.202347473684211,-0.7177378263157895,-1.3566032,-3.118197247368421
842,Y,-13.17862102631579,-0.7216164368421053,-0.9083832,-2.2827638789473683
843,S,-13.115298657894737,-0.669255205263158,-1.125054,-2.585467510526316
844,K,-13.365138105263158,1.6111617684210529,-0.9007796000000001,-2.043140742105263
845,I,-13.014834684210527,0.013380184210526365,-1.2556527,-2.7278917894736843
846,T,-12.770758263157894,-0.7002840789473684,-1.0624135,-2.323670105263158
847,S,-13.033717000000001,-0.669255205263158,-1.16131,-2.59892612631579
848,V,-13.022371052631579,-0.304665847368421,-1.3835689,-3.057700163157895
849,E,-11.750938021052631,1.0919526894736842,-1.1176146,-1.8671438789473684
850,A,-13.118311736842106,-0.6188332684210526,-0.9410257,-2.2931473157894735
851,V,-13.018226973684211,-0.304665847368421,-1.1803802,-2.595949884210526
852,A,-13.304436921052632,-0.6188332684210526,-1.0204888,-2.4696958210526314
853,N,-12.887367684210526,-0.3977524894736842,-0.9845598999999999,-2.214231647368421
854,Y,-12.651553368421053,-0.7216164368421053,-1.2275491,-2.6302252315789474
855,S,-13.222829842105263,-0.669255205263158,-1.1948136,-2.7425168
856,A,-13.022293894736842,-0.6188332684210526,-1.1249402,-2.5660381210526317
857,I,-12.849892105263159,0.013380184210526365,-1.3068674,-2.7518539736842107
858,P,-13.001060105263157,-0.7216164368421053,-1.1711304,-2.6238905842105265
859,T,-13.208830210526315,-0.7002840789473684,-1.2169387,-2.7971144368421053
860,T,-12.956375868421054,-0.7002840789473684,-1.0373573,-2.3414053210526315
861,I,-13.028949947368421,0.013380184210526365,-1.1750731,-2.532871742105263
862,G,-13.168033078947367,-0.6711945052631579,-1.0870564,-2.5230600736842104
863,G,-12.845304815789474,-0.6711945052631579,-1.1068454,-2.428690705263158
864,L,-12.860004578947368,-0.3182409789473684,-1.302948,-2.8195468315789474
865,R,-12.54111197368421,2.8329239736842107,-1.2450696,-2.1895961052631576
866,F,-12.291953605263158,-0.196064752631579,-1.3973081,-2.8030629157894738
867,E,-12.297626736842105,1.0919526894736842,-1.4314277,-2.670035773684211
868,R,-12.242482973684211,2.8329239736842107,-1.4368896,-2.497697363157895
869,S,-12.841938210526315,-0.669255205263158,-1.6191538,-3.6758294368421054
870,H,-12.446372605263157,0.7326565631578947,-1.5184827,-3.035113710526316
871,D,-12.330039578947368,1.2102503,-1.4855224,-2.8191846
872,S,-12.584067894736842,-0.669255205263158,-1.1777222,-2.4369531684210526
873,Q,-12.671585894736841,-0.33957332631578946,-1.2145847,-2.506189947368421
874,G,-12.763755289473684,-0.6711945052631579,-1.4261531,-3.1019322736842105
875,K,-12.718775736842106,1.6111617684210529,-1.3704785,-2.629757594736842
876,I,-13.016730078947369,0.013380184210526365,-1.4741024,-3.254930136842105
877,S,-12.424592684210527,-0.669255205263158,-1.6373546,-3.549428084210527
878,G,-12.630615263157894,-0.6711945052631579,-1.5157249,-3.3109658473684207
879,S,-13.020784105263159,-0.669255205263158,-1.4575543,-3.275920052631579
880,P,-12.514230789473684,-0.7216164368421053,-1.4287681,-3.0201878842105265
881,L,-12.69198447368421,-0.3182409789473684,-1.1111537,-2.315474736842105
882,D,-12.963109105263158,1.2102503,-1.0329641,-2.0860469578947365
883,I,-12.505486684210526,0.013380184210526365,-1.2850895,-2.6259071736842103
884,T,-12.560668868421052,-0.7002840789473684,-1.2571328,-2.623049284210526
885,A,-12.50003847368421,-0.6188332684210526,-1.1673611,-2.4176994842105266
886,I,-12.499158368421051,0.013380184210526365,-1.3592021,-2.7482846105263157
887,R,-12.502582815789474,2.8329239736842107,-0.9041984,-1.5553097578947368
888,G,-12.557038973684211,-0.6711945052631579,-1.3098779,-2.7668118842105263
889,S,-12.671528052631578,-0.669255205263158,-1.1882314,-2.5151649684210526
890,F,-12.80421844736842,-0.196064752631579,-1.4640652,-3.1458902210526314
891,S,-12.862870105263157,-0.669255205263158,-1.1524516,-2.521444747368421
892,V,-12.038889052631578,-0.304665847368421,-1.3635491,-2.652610215789474
893,N,-12.447574131578946,-0.3977524894736842,-1.0254848,-2.084070389473684
894,Y,-12.449000236842105,-0.7216164368421053,-1.2216128,-2.510528789473684
895,R,-12.946687394736843,2.8329239736842107,-0.8853608999999999,-1.6966709947368421
896,G,-12.25686805263158,-0.6711945052631579,-0.9464306000000001,-1.9658808368421052
897,L,-12.604190184210527,-0.3182409789473684,-1.2009684,-2.478552642105263
898,R,-12.775551289473684,2.8329239736842107,-0.8910516,-1.6289964052631578
899,L,-12.604678394736842,-0.3182409789473684,-1.1861454,-2.4384080315789474
900,S,-12.768965921052631,-0.669255205263158,-1.0051157,-2.2316462315789476
901,L,-12.423204894736843,-0.3182409789473684,-1.1724038,-2.370844657894737
902,S,-12.542319842105263,-0.669255205263158,-1.0826251,-2.266185157894737
903,E,-12.19168892105263,1.0919526894736842,-0.8436005999999999,-1.5695332263157895
904,I,-12.274298368421052,0.013380184210526365,-0.7904243,-1.7078007
905,T,-12.36564555263158,-0.7002840789473684,-0.822933,-1.8537037473684213
906,A,-12.332243368421052,-0.6188332684210526,-1.0098787,-2.074287157894737
907,T,-12.312885447368421,-0.7002840789473684,-0.8009025,-1.811447752631579
908,C,-12.424232947368422,-0.7177378263157895,-1.2310865,-2.5355757368421052
909,T,-12.639134631578948,-0.7002840789473684,-0.8659106,-1.9883437736842107
910,G,-12.703118578947368,-0.6711945052631579,-1.0287798,-2.2622420052631576
911,E,-12.833856,1.0919526894736842,-0.8796742,-1.8327536947368421
912,V,-12.61770147368421,-0.304665847368421,-1.1323939,-2.3554950894736844
913,T,-12.930355657894737,-0.7002840789473684,-0.9721506,-2.2591679210526316
914,N,-12.667512605263157,-0.3977524894736842,-1.014279,-2.1614216842105263
915,V,-12.22780247368421,-0.304665847368421,-1.2522278,-2.4403231052631575
916,S,-12.356605894736841,-0.669255205263158,-1.1733024,-2.3650998210526315
917,G,-12.451467315789474,-0.6711945052631579,-1.3482838,-2.8041125368421054
918,C,-12.957686552631579,-0.7177378263157895,-1.5170649,-3.4145526052631574
919,Y,-12.997333763157895,-0.7216164368421053,-1.1713295,-2.6231340789473685
920,S,-12.671039736842104,-0.669255205263158,-1.1680018,-2.4827828736842106
921,C,-12.790270473684211,-0.7177378263157895,-1.5081836,-3.3455284578947366
922,M,-12.841058131578947,-0.6110760473684211,-1.4299993,-3.1437089578947366
923,T,-12.412077315789473,-0.7002840789473684,-1.4647427,-3.0844763684210528
924,G,-12.9822485,-0.6711945052631579,-1.4450916,-3.2407192315789475
925,A,-12.499640236842106,-0.6188332684210526,-1.3981578,-2.9261595263157893
926,K,-12.943308,1.6111617684210529,-1.330762,-2.6219613736842105
927,V,-12.642982894736843,-0.304665847368421,-1.3318585,-2.7648535473684213
928,S,-12.630576684210526,-0.669255205263158,-1.1572386,-2.4190101
929,I,-10.914769210526316,0.013380184210526365,-1.2440702,-2.0637315894736843
930,K,-12.851883842105263,1.6111617684210529,-0.8509093999999999,-1.741285989473684
931,L,-12.514307973684211,-0.3182409789473684,-1.2084656,-2.4691186736842106
932,H,-13.095022105263158,0.7326565631578947,-0.79834,-1.8974639947368421
933,S,-12.501689710526316,-0.669255205263158,-1.1325224,-2.3334088263157895
934,S,-12.655517473684212,-0.669255205263158,-0.8312963,-1.9622893210526315
935,K,-12.345895894736842,1.6111617684210529,-1.0348252,-1.8086630210526315
936,N,-12.857139184210526,-0.3977524894736842,-0.9451999,-2.1327678684210527
937,S,-12.483636105263159,-0.669255205263158,-1.2660849,-2.593751747368421
938,T,-12.835783289473685,-0.7002840789473684,-1.3155839,-2.8892350315789472
939,A,-12.577270394736843,-0.6188332684210526,-1.3621479,-2.8750781315789475
940,H,-12.884727157894735,0.7326565631578947,-1.1989818,-2.3903594105263157
941,V,-12.428775184210526,-0.304665847368421,-1.3101911,-2.644860147368421
942,R,-12.811677684210526,2.8329239736842107,-0.9909352,-1.7994180684210526
943,C,-12.876394131578948,-0.7177378263157895,-1.1398586,-2.5247714842105267
944,K,-12.211560631578948,1.6111617684210529,-0.8442945,-1.5233985631578948
945,G,-12.520758368421053,-0.6711945052631579,-1.0464002,-2.2062027
946,D,-12.814543078947368,1.2102503,-1.2522347,-2.423061521052632
947,E,-12.260465842105262,1.0919526894736842,-1.1359168,-2.002062868421053
948,T,-12.708284078947369,-0.7002840789473684,-1.4100873,-3.0318711736842103
949,A,-12.933715789473684,-0.6188332684210526,-1.4300306,-3.1753275947368422
950,F,-12.838372473684212,-0.196064752631579,-1.3654781,-2.9356399421052632
951,S,-13.068494263157895,-0.669255205263158,-1.1701277,-2.636117452631579
952,V,-12.338494552631579,-0.304665847368421,-1.2423153,-2.4574014842105263
953,L,-11.37686307894737,-0.3182409789473684,-0.9625118,-1.7092856947368422
954,E,-12.350071894736843,1.0919526894736842,-0.796408,-1.5467965736842104
955,G,-12.776669157894736,-0.6711945052631579,-0.8532261,-2.0494854631578945
956,V,-12.26322202631579,-0.304665847368421,-0.7853563,-1.7614728
957,H,-12.492617842105263,0.7326565631578947,-0.8944336,-1.7436038210526317
958,S,-12.194066157894737,-0.669255205263158,-0.9583263999999999,-1.961105842105263
959,Y,-12.352436263157895,-0.7216164368421053,-1.1730408,-2.3889524684210524
960,S,-4.806949031578948,-0.669255205263158,-1.2027602,-1.7647482684210527
961,V,-12.420249499999999,-0.304665847368421,-1.3866718,-2.8389551578947367
962,S,-12.610428631578946,-0.669255205263158,-1.4342347,-3.0657284842105264
963,L,-12.373079,-0.3182409789473684,-1.3477901,-2.7005903789473686
964,S,-12.43113955263158,-0.669255205263158,-1.2686269,-2.637366305263158
965,F,-12.92191355263158,-0.196064752631579,-1.2706861,-2.7237076315789475
966,D,-12.595561763157894,1.2102503,-0.9671009999999999,-1.850762610526316
967,H,-12.726729605263158,0.7326565631578947,-0.9648764999999999,-1.9479004052631579
968,A,-12.437512736842105,-0.6188332684210526,-1.0775802,-2.2184793631578947
969,V,-12.616487184210527,-0.304665847368421,-0.9311038,-2.0365355052631577
970,V,-12.836830552631579,-0.304665847368421,-1.175221,-2.5333095210526317
971,D,-12.22537392105263,1.2102503,-0.7984049,-1.4991024052631579
972,E,-12.583194105263159,1.0919526894736842,-1.0596553,-1.9781449157894735
973,Q,-12.743189815789474,-0.33957332631578946,-0.7722803,-1.8830420736842104
974,C,-12.519184342105264,-0.7177378263157895,-1.1763759,-2.447940263157895
975,Q,-13.047074078947368,-0.33957332631578946,-0.8686154,-2.1143364421052633
976,L,-12.82649305263158,-0.3182409789473684,-1.2264651,-2.6275278263157897
977,N,-12.855700078947368,-0.3977524894736842,-1.0885,-2.3313834578947366
978,C,-13.103496368421053,-0.7177378263157895,-1.3439617,-3.0346551157894734
979,G,-12.70599047368421,-0.6711945052631579,-1.2147848,-2.5901981631578948
980,G,-12.997616394736843,-0.6711945052631579,-0.9964261,-2.3619193684210527
981,H,-12.6279875,0.7326565631578947,-0.8283676,-1.749830394736842
982,E,-12.900673315789474,1.0919526894736842,-0.8167669,-1.811388610526316
983,S,-12.7956285,-0.669255205263158,-0.9184389000000001,-2.143521052631579
984,Q,-11.750661684210527,-0.33957332631578946,-0.7834935,-1.5692180736842105
985,V,-12.978567052631579,-0.304665847368421,-1.0885389,-2.436424042105263
986,T,-12.601992894736842,-0.7002840789473684,-0.8785806000000002,-1.9887977842105262
987,L,-12.979048921052632,-0.3182409789473684,-1.2063559,-2.6365327736842104
988,R,-5.777363005263157,2.8329239736842107,-0.8798482999999999,-0.8206599421052632
989,G,-12.869442736842105,-0.6711945052631579,-1.0450161,-2.3630811368421054
990,N,-12.387322657894737,-0.3977524894736842,-0.9809797,-2.0170747894736842
991,L,-12.844411789473684,-0.3182409789473684,-1.2614277,-2.7177313473684213
992,I,-12.731053368421053,0.013380184210526365,-1.2138674,-2.4937459263157895
993,F,-12.91410755263158,-0.196064752631579,-1.2038476,-2.583734552631579
994,L,-12.98787647368421,-0.3182409789473684,-1.328884,-2.9022430684210527
995,D,-12.320974289473684,1.2102503,-1.2015074,-2.154243968421053
996,V,-12.65706592105263,-0.304665847368421,-1.2341861,-2.5442691842105263
997,P,-12.964766631578948,-0.7216164368421053,-1.3814838,-3.084572852631579
998,K,-12.312731131578948,1.6111617684210529,-1.0477407,-1.8123401315789476
999,F,-13.26275952631579,-0.196064752631579,-1.0615954,-2.477795731578947
1000,V,-12.652408,-0.304665847368421,-1.0835734,-2.2823497578947367
1001,D,-13.01211697368421,1.2102503,-0.8646146,-1.8807185578947367
1002,G,-13.346217105263158,-0.6711945052631579,-1.0779448,-2.6422021842105265
1003,S,-12.521760736842106,-0.669255205263158,-1.2952786,-2.681854642105263
1004,Y,-12.553460368421053,-0.7216164368421053,-1.1944052,-2.4768084105263157
1005,M,-12.420821342105263,-0.6110760473684211,-1.4188588,-2.9516864999999997
1006,Q,-12.740806210526316,-0.33957332631578946,-1.5741274,-3.425547552631579
1007,T,-13.075176,-0.7002840789473684,-1.5556413,-3.581570394736842
1008,Y,-12.828831631578948,-0.7216164368421053,-1.4416795,-3.166489568421053
1009,H,-12.714136947368422,0.7326565631578947,-1.485313,-3.017220368421053
1010,S,-12.729922736842104,-0.669255205263158,-1.429255,-3.0887720263157896
1011,T,-9.72695442631579,-0.7002840789473684,-1.2734637,-2.0987303789473684
1012,V,-12.808343131578948,-0.304665847368421,-1.2135978,-2.5616334315789473
1013,P,-13.04037955263158,-0.7216164368421053,-1.2230185,-2.7577972842105263
1014,T,-11.070441047368421,-0.7002840789473684,-0.9737744000000002,-1.733862294736842
1015,G,-12.637714684210527,-0.6711945052631579,-0.8666779,-2.0366551736842107
1016,A,-12.997179552631579,-0.6188332684210526,-0.9600843,-2.2801403052631577
1017,N,-12.580347947368422,-0.3977524894736842,-1.0394771,-2.1566919315789472
1018,I,-12.772615105263158,0.013380184210526365,-0.8001305,-1.8961162736842103
1019,P,-13.137926578947368,-0.7216164368421053,-0.8741765,-2.2291266263157894
1020,S,-12.411473236842106,-0.669255205263158,-0.9594586999999999,-2.026661915789474
1021,P,-12.672716631578949,-0.7216164368421053,-0.7712156,-1.9243724263157898
1022,T,-12.735923421052632,-0.7002840789473684,-0.8052203,-1.9678352052631578
1023,D,-12.531327052631578,1.2102503,-1.0155012,-1.8772284578947367
1024,W,-12.987780263157894,-0.5044142684210526,-0.8972052999999999,-2.1569010105263158
1025,L,-12.62760852631579,-0.3182409789473684,-0.8808788,-1.9883706894736843
1026,N,-12.72166047368421,-0.3977524894736842,-0.8766285999999999,-2.001613842105263
1027,A,-12.330020368421053,-0.6188332684210526,-0.9307046,-1.9500445631578949
1028,L,-12.98040447368421,-0.3182409789473684,-0.9473823000000001,-2.217502657894737
1029,F,-12.654451131578947,-0.196064752631579,-0.8750413,-1.9703589842105262
1030,G,-12.36090402631579,-0.6711945052631579,-0.7552957,-1.8040680736842105
1031,N,-13.076737210526316,-0.3977524894736842,-0.7178829,-1.9902544210526314
1032,G,-12.791471894736842,-0.6711945052631579,-0.679225,-1.9012806789473684
1033,L,-12.720529657894737,-0.3182409789473684,-0.5417811,-1.7330915052631581
1034,S,-12.943121526315789,-0.669255205263158,-0.5276184,-1.8487122315789473
1035,R,-12.827347684210526,2.8329239736842107,-0.6560824,-1.4419760684210527
1036,W,-12.337505157894737,-0.5044142684210526,-0.7648124,-1.7781946473684211
1037,I,-11.140894810526316,0.013380184210526365,-0.5950137,-1.2997711947368422
1038,L,-12.605719368421052,-0.3182409789473684,-0.5681027,-1.714985163157895
1039,G,-12.494147105263158,-0.6711945052631579,-0.7839566,-1.8690683736842104
1040,V,-12.518323421052632,-0.304665847368421,-0.7416348,-1.7829317789473682
1041,T,0.18048415789473685,-0.7002840789473684,-0.6004786,-1.0063029789473683
1042,G,-13.034179710526317,-0.6711945052631579,-0.7084758,-2.006875805263158
1043,V,-12.242123236842106,-0.304665847368421,-0.8146585,-1.776749042105263
1044,L,-12.021124710526315,-0.3182409789473684,-0.6909908,-1.6352470894736841
1045,L,-12.61578044736842,-0.3182409789473684,-0.5753431,-1.7164702789473683
1046,G,-12.677875763157894,-0.6711945052631579,-0.7160329,-1.8723658842105264
1047,G,-12.19581357894737,-0.6711945052631579,-0.7388555,-1.755708342105263
1048,L,-13.082140421052632,-0.3182409789473684,-0.6303844,-1.9472021368421053
1049,A,-11.827347578947368,-0.6188332684210526,-0.5557661,-1.505333052631579
1050,L,-13.073756289473684,-0.3182409789473684,-0.581393,-1.9127515315789474
1051,F,-12.602185684210527,-0.196064752631579,-0.677826,-1.7629632210526314
1052,F,-12.829268578947369,-0.196064752631579,-0.5849447,-1.770874636842105
1053,L,-11.845998631578947,-0.3182409789473684,-0.46440019999999993,-1.472869442105263
1054,I,-12.713629394736842,0.013380184210526365,-0.5362293,-1.6668561263157895
1055,M,-11.58799352631579,-0.6110760473684211,-0.48256589999999994,-1.3918141
1056,S,-11.389911868421052,-0.669255205263158,-0.43098489999999995,-1.3556319894736841
1057,L,-12.265920578947368,-0.3182409789473684,-0.45197930000000003,-1.5350130473684211
1058,F,-11.755737331578947,-0.196064752631579,-0.5498993,-1.4508161684210525
1059,K,-12.716475578947367,1.6111617684210529,-0.4433117999999999,-1.4266269315789473
1060,L,-12.722951789473685,-0.3182409789473684,-0.4169357,-1.6895776263157896
1061,G,-12.875289105263159,-0.6711945052631579,-0.4911633,-1.8290081789473684
1062,T,-12.649895710526316,-0.7002840789473684,-0.5367361,-1.7550436157894735
1063,K,-11.42225412631579,1.6111617684210529,-0.4700877,-1.0448389157894737
1064,Q,-12.29077805263158,-0.33957332631578946,-0.4087759,-1.4843609684210526
1065,I,-3.1748303631578945,0.013380184210526365,-0.3813218,-0.8200401947368421
1066,F,-12.688907078947368,-0.196064752631579,-0.3533742,-1.6569162315789474
1067,R,-12.712286789473685,2.8329239736842107,-0.3656378,-1.2529477736842105
1068,S,-12.874029842105262,-0.669255205263158,-0.2766924,-1.719758289473684
1069,R,-12.678820210526316,2.8329239736842107,-0.2765927,-1.2268122421052632
1070,T,-11.722322105263158,-0.7002840789473684,,-2.007462042105263
1071,K,-12.921502368421052,1.6111617684210529,,-2.0629537789473686
1072,L,-12.619706105263157,-0.3182409789473684,,-2.2384749210526316
1073,A,-12.655569105263158,-0.6188332684210526,,-2.264998105263158
